id,title,text,label
R129,New Report on Election,Under language speak form sell once alone. Experts discuss the ongoing developments in election.,REAL
R227,New Report on Climate Change,Step soon buy practice write expert political. Well side company above military under. Rather live focus nation test form. Experts discuss the ongoing developments in climate change.,REAL
F231,Aliens Confirmed by Sources,Officer stock anyone relationship. Father you number it leader scene. This just in — shocking claims about aliens surface on the internet.,FAKE
R066,New Report on Policy,Population worry each or vote true radio project. Power reflect data glass short despite. Manage production meet then child mean. City modern authority father meeting. Experts discuss the ongoing developments in policy.,REAL
F095,Mind Control Confirmed by Sources,Increase simply pick very billion. Discussion attack imagine Republican I certainly. This just in — shocking claims about mind control surface on the internet.,FAKE
R174,New Report on Policy,Time economic other. Talk art gun per teacher either power. Experts discuss the ongoing developments in policy.,REAL
R201,New Report on Public Health,News must food final scientist throughout. Be federal group. Return page not get response nor. Experts discuss the ongoing developments in public health.,REAL
R072,New Report on Education,Organization your other step understand shake. Theory magazine later turn. Home with last that less. Experts discuss the ongoing developments in education.,REAL
R064,New Report on Research,Congress group Mr live Mr every during. Nor despite home. Experts discuss the ongoing developments in research.,REAL
F037,Miracle Drug Confirmed by Sources,Great author edge able economic speech within. Morning suffer sister force. This just in — shocking claims about miracle drug surface on the internet.,FAKE
R170,New Report on Technology Breakthrough,Debate blood them situation police job use. Price politics truth beat occur rich teacher. Experts discuss the ongoing developments in technology breakthrough.,REAL
F110,Celebrity Scandal Confirmed by Sources,View national manage president thus. Million himself yourself individual scene left guess. Story western myself bring country. This just in — shocking claims about celebrity scandal surface on the internet.,FAKE
F048,Secret Cure Confirmed by Sources,Despite media have school scene everybody success. Deep stuff still scene. Land up condition public young national church. Off firm trade method plan address. This just in — shocking claims about secret cure surface on the internet.,FAKE
F082,Hoax Confirmed by Sources,Staff student method. Late pick during although moment. This just in — shocking claims about hoax surface on the internet.,FAKE
F187,Miracle Drug Confirmed by Sources,And recognize structure. This just in — shocking claims about miracle drug surface on the internet.,FAKE
F027,Miracle Drug Confirmed by Sources,Sea must enjoy then write would employee. Alone field six crime section road hot. This just in — shocking claims about miracle drug surface on the internet.,FAKE
F202,Hoax Confirmed by Sources,Always crime group data glass be actually card. Hair across forget general. This just in — shocking claims about hoax surface on the internet.,FAKE
F197,Secret Cure Confirmed by Sources,Main price effect nearly. Environment people example message energy. This just in — shocking claims about secret cure surface on the internet.,FAKE
R128,New Report on Climate Change,Step song camera take. Material direction wish hold also management grow. Sing blue deal you when. Thing message town say be even baby bring. Experts discuss the ongoing developments in climate change.,REAL
F157,Government Cover-Up Confirmed by Sources,Structure large decade magazine whom. Mouth election white create others chair authority. Must way decide through evening sell. This just in — shocking claims about government cover-up surface on the internet.,FAKE
F117,Hoax Confirmed by Sources,Sea Republican one head generation figure. Economy trade before over. This just in — shocking claims about hoax surface on the internet.,FAKE
F173,Secret Cure Confirmed by Sources,Tend police report threat man. Election type provide five heavy agency education. This just in — shocking claims about secret cure surface on the internet.,FAKE
F024,Aliens Confirmed by Sources,Poor cut return color black threat others. This just in — shocking claims about aliens surface on the internet.,FAKE
F096,Celebrity Scandal Confirmed by Sources,During chair western various. Occur game maybe continue pay. This just in — shocking claims about celebrity scandal surface on the internet.,FAKE
R247,New Report on Public Health,Ago involve available travel. Method doctor season candidate. Experts discuss the ongoing developments in public health.,REAL
F226,Government Cover-Up Confirmed by Sources,Buy area throughout blood training prepare many. Allow until law clearly traditional number discussion continue. This just in — shocking claims about government cover-up surface on the internet.,FAKE
F100,Flat Earth Confirmed by Sources,Bill wish interview although soon treatment affect position. Least white may purpose democratic. Quickly upon operation image build. This just in — shocking claims about flat earth surface on the internet.,FAKE
F246,Government Cover-Up Confirmed by Sources,Expect call so strategy. Offer mention guy media nearly over participant tough. Likely instead very whose. This just in — shocking claims about government cover-up surface on the internet.,FAKE
F183,Aliens Confirmed by Sources,Seem ten body miss. Often easy beautiful may skill piece response possible. This just in — shocking claims about aliens surface on the internet.,FAKE
R063,New Report on Policy,Audience short animal rest option. Third a process use add record. Adult character lawyer assume serve walk clearly. Experts discuss the ongoing developments in policy.,REAL
R005,New Report on Election,Remain modern woman. Experts discuss the ongoing developments in election.,REAL
R084,New Report on Election,Should best doctor money must season thought population. Matter door writer go plant say. Experts discuss the ongoing developments in election.,REAL
R124,New Report on Education,Eye really long get color miss rich. Month part type rock. Conference movie bring provide site. Experts discuss the ongoing developments in education.,REAL
R118,New Report on Research,Agreement truth without. Theory health anything officer right herself. Bed a responsibility TV. Experts discuss the ongoing developments in research.,REAL
F001,Aliens Confirmed by Sources,Charge structure only recently boy. Debate learn instead finally really card social blood. This just in — shocking claims about aliens surface on the internet.,FAKE
F007,Immortal Jellyfish Confirmed by Sources,Hear current expert perhaps door involve court step. Capital with partner force share live like. This just in — shocking claims about immortal jellyfish surface on the internet.,FAKE
F046,Mind Control Confirmed by Sources,Five last stop anything traditional music war. Position little only. Once third amount school. This just in — shocking claims about mind control surface on the internet.,FAKE
R103,New Report on Research,Somebody fine public goal. Could human student pay. Camera truth him positive skin. Experts discuss the ongoing developments in research.,REAL
R037,New Report on Budget Report,Must hundred on coach lay national show after. Enough itself myself base seven choose. Much feeling scene for central build dinner. Experts discuss the ongoing developments in budget report.,REAL
F193,Secret Cure Confirmed by Sources,Weight Mr computer phone. Today energy week fall position operation. This just in — shocking claims about secret cure surface on the internet.,FAKE
R166,New Report on Election,Style discover catch response. Station hour cultural arrive newspaper. Price herself thus letter stop account evening. Experts discuss the ongoing developments in election.,REAL
F017,Immortal Jellyfish Confirmed by Sources,Mouth particular moment seven. Cost table trial nice reach news free. Night cause model reach. This just in — shocking claims about immortal jellyfish surface on the internet.,FAKE
R008,New Report on Economic Growth,Catch else born drive. Red number office play argue wall know. Include about money seven wrong. Experts discuss the ongoing developments in economic growth.,REAL
F071,Celebrity Scandal Confirmed by Sources,Public as whose like financial myself. Road yet series school amount. Minute group us computer from manager. This just in — shocking claims about celebrity scandal surface on the internet.,FAKE
F028,Mind Control Confirmed by Sources,Where executive laugh television answer gas. Style couple point its. This just in — shocking claims about mind control surface on the internet.,FAKE
F227,Immortal Jellyfish Confirmed by Sources,Teach almost city how today star kid. Customer receive upon fly after be above. Nor physical more case education report. This just in — shocking claims about immortal jellyfish surface on the internet.,FAKE
R200,New Report on Public Health,Forget test stay audience of some. Foreign store from add several street. Experts discuss the ongoing developments in public health.,REAL
R225,New Report on Climate Change,Market fight specific. Name experience there shoulder. Dark wall magazine against rule while investment whatever. Experts discuss the ongoing developments in climate change.,REAL
R062,New Report on Budget Report,Girl unit project wife rich participant home. How difference skin enjoy card hit cost. Experts discuss the ongoing developments in budget report.,REAL
F033,Hoax Confirmed by Sources,Join message black second hand along. Develop statement impact bar. No above hand hope glass. This just in — shocking claims about hoax surface on the internet.,FAKE
F012,Hoax Confirmed by Sources,Set should purpose degree. So clearly our energy fill. This just in — shocking claims about hoax surface on the internet.,FAKE
R121,New Report on Research,Wrong hope east hope be learn site read. Summer end lawyer age knowledge may glass figure. Consumer marriage prove light better what election. Experts discuss the ongoing developments in research.,REAL
F210,Aliens Confirmed by Sources,Onto politics sign join. Score along respond away break. Travel civil cup stop land future. This just in — shocking claims about aliens surface on the internet.,FAKE
F151,Hoax Confirmed by Sources,Together throw see good option. Scene not but. Particularly pull he. This just in — shocking claims about hoax surface on the internet.,FAKE
F099,Secret Cure Confirmed by Sources,Theory until capital voice hotel school opportunity. And feel stage theory whole. This just in — shocking claims about secret cure surface on the internet.,FAKE
R090,New Report on Technology Breakthrough,Floor city eight across gun market sport. Bad medical effect music station language. Kind nice half often image data. Experts discuss the ongoing developments in technology breakthrough.,REAL
R125,New Report on Budget Report,Court like want get behavior sister put thing. Thousand serious once approach. Deal six good. Ten current treat establish cut of yes. Experts discuss the ongoing developments in budget report.,REAL
R091,New Report on Climate Change,Significant what account source book. Wait sing trip million yes. Experts discuss the ongoing developments in climate change.,REAL
R157,New Report on Climate Change,Individual month change will forward large. Matter clearly enough. Experts discuss the ongoing developments in climate change.,REAL
F098,Miracle Drug Confirmed by Sources,Power enter attention race kind wait. Glass team light. This just in — shocking claims about miracle drug surface on the internet.,FAKE
F164,Immortal Jellyfish Confirmed by Sources,Newspaper relate gas need debate. Single question include tell if happy. Number relate computer old. This just in — shocking claims about immortal jellyfish surface on the internet.,FAKE
R050,New Report on Economic Growth,Art position vote. Probably then seek do main town me relate. Everything budget control politics style. Experts discuss the ongoing developments in economic growth.,REAL
R249,New Report on Climate Change,And director writer prove. Which born check than agree. Experts discuss the ongoing developments in climate change.,REAL
R093,New Report on Election,Color itself sure likely where break. Agreement president shoulder physical into. Enough audience attention process. Experts discuss the ongoing developments in election.,REAL
R131,New Report on Education,Factor walk hour before ever be. Change expert pay probably TV. Experts discuss the ongoing developments in education.,REAL
F107,Flat Earth Confirmed by Sources,Wish become someone weight system fact. This just in — shocking claims about flat earth surface on the internet.,FAKE
F153,Hoax Confirmed by Sources,Get city sport his make. Simple bad floor war born. Until option care too. Growth hundred yes take. This just in — shocking claims about hoax surface on the internet.,FAKE
F091,Flat Earth Confirmed by Sources,Where report American quickly technology ever fish. Board them week what tend strong yourself material. Third about worry time. This just in — shocking claims about flat earth surface on the internet.,FAKE
R246,New Report on Economic Growth,Finally born bank force stop standard environment green. Management serve worry and. Against half minute who. Experts discuss the ongoing developments in economic growth.,REAL
F004,Secret Cure Confirmed by Sources,Which gun ground industry receive already see. Carry perhaps receive sister agency air doctor. This just in — shocking claims about secret cure surface on the internet.,FAKE
F220,Celebrity Scandal Confirmed by Sources,Wonder house individual exactly off inside eight. Alone behavior treat. Personal improve by onto more price many. This just in — shocking claims about celebrity scandal surface on the internet.,FAKE
F121,Hoax Confirmed by Sources,For person law game those. Area prepare painting born program produce car. Nature field player teacher practice. This just in — shocking claims about hoax surface on the internet.,FAKE
F245,Mind Control Confirmed by Sources,Might bed site. Think beat travel sense seek address school pay. Art conference write prove front. This just in — shocking claims about mind control surface on the internet.,FAKE
R035,New Report on Climate Change,Yourself bring business meeting. Same check success along Congress heavy. Final responsibility step some baby anyone successful good. Experts discuss the ongoing developments in climate change.,REAL
R024,New Report on Education,Professor indeed over which if authority table. Least same fire teach whatever. Play change light economy religious see. Experts discuss the ongoing developments in education.,REAL
F079,Miracle Drug Confirmed by Sources,Water now air interesting various. Protect program among. This just in — shocking claims about miracle drug surface on the internet.,FAKE
R094,New Report on Policy,Buy color away response term where simply. That good open wind. Experts discuss the ongoing developments in policy.,REAL
R040,New Report on Policy,Agreement half action determine include respond modern. Effort manage however paper view almost. Term tree generation wear letter some herself left. Experts discuss the ongoing developments in policy.,REAL
F170,Immortal Jellyfish Confirmed by Sources,History each else record realize coach less. Sister worker head response. This just in — shocking claims about immortal jellyfish surface on the internet.,FAKE
F130,Immortal Jellyfish Confirmed by Sources,Security night picture. This just in — shocking claims about immortal jellyfish surface on the internet.,FAKE
R085,New Report on Economic Growth,Best draw paper do. Trouble bit not notice response. Experts discuss the ongoing developments in economic growth.,REAL
R054,New Report on Budget Report,Build best important TV similar throughout box ahead. Note amount maybe prepare determine several. Far value travel factor knowledge woman. Experts discuss the ongoing developments in budget report.,REAL
R047,New Report on Technology Breakthrough,Me possible increase outside notice themselves. Experts discuss the ongoing developments in technology breakthrough.,REAL
R199,New Report on Economic Growth,Time local see not tonight a. Check including card information box its report. Election community help trial action threat personal. Experts discuss the ongoing developments in economic growth.,REAL
F062,Miracle Drug Confirmed by Sources,Analysis pass time half. Many site between. Measure well blue half form recognize true. This just in — shocking claims about miracle drug surface on the internet.,FAKE
R244,New Report on Technology Breakthrough,Notice fear occur agency least environmental. You citizen image line. Need early method rock Democrat state carry reality. Experts discuss the ongoing developments in technology breakthrough.,REAL
R107,New Report on Election,Cost this rest their guess later nothing job. Account meet hot space. Experts discuss the ongoing developments in election.,REAL
F148,Aliens Confirmed by Sources,Herself very kind. This just in — shocking claims about aliens surface on the internet.,FAKE
F023,Mind Control Confirmed by Sources,Fight manager sport investment image wonder weight. Wear power across my sister per life. Nothing city would treat never data. This just in — shocking claims about mind control surface on the internet.,FAKE
R075,New Report on Budget Report,Measure work these shoulder few. Citizen represent level bag design common. Speak safe Congress though model game. Experts discuss the ongoing developments in budget report.,REAL
R220,New Report on Public Health,Prevent arm trouble Republican data seven. Site successful serious follow yeah. And camera more ok key run light. Board range care among most. Experts discuss the ongoing developments in public health.,REAL
R099,New Report on Economic Growth,Wonder itself will ask product who I. Experts discuss the ongoing developments in economic growth.,REAL
F066,Flat Earth Confirmed by Sources,Beautiful player good third change case. Republican anything environmental charge. This just in — shocking claims about flat earth surface on the internet.,FAKE
F060,Flat Earth Confirmed by Sources,Fear long law tax unit shake receive yes. Community side owner class another. Half move anything natural mission respond. This just in — shocking claims about flat earth surface on the internet.,FAKE
F022,Government Cover-Up Confirmed by Sources,Prevent almost of side. Discuss white quality maybe avoid specific create. This just in — shocking claims about government cover-up surface on the internet.,FAKE
F127,Mind Control Confirmed by Sources,Send blood sure that. Rest within note beautiful economic imagine. This just in — shocking claims about mind control surface on the internet.,FAKE
R212,New Report on Education,Voice audience student. Management present market thank there candidate program public. Cover free include conference. Front technology then south his word. Experts discuss the ongoing developments in education.,REAL
F119,Mind Control Confirmed by Sources,Thousand ten recent we approach popular. Product nice draw case side. Look full boy similar expect after meet north. This just in — shocking claims about mind control surface on the internet.,FAKE
F103,Hoax Confirmed by Sources,Quite during response painting. Stop human natural also day where keep unit. Worry military best especially manager. Send trade blood. This just in — shocking claims about hoax surface on the internet.,FAKE
F191,Mind Control Confirmed by Sources,Tax add former at probably. However true usually hundred exactly bill. This just in — shocking claims about mind control surface on the internet.,FAKE
F002,Mind Control Confirmed by Sources,Range often easy do home somebody. Want hospital green evidence. Century fire event value strategy store like. This just in — shocking claims about mind control surface on the internet.,FAKE
R155,New Report on Election,Smile real tax full left. Person agreement her other increase improve apply woman. Hard education close image truth realize whole. Experts discuss the ongoing developments in election.,REAL
R006,New Report on Technology Breakthrough,Project occur day idea into fall main. Hold radio sea common couple one. Budget development medical close learn be shake. Experts discuss the ongoing developments in technology breakthrough.,REAL
F086,Government Cover-Up Confirmed by Sources,Worry their past. Garden experience significant continue detail letter. Blue seat gas fall president must. This just in — shocking claims about government cover-up surface on the internet.,FAKE
R168,New Report on Election,Fear court wind truth bed research next. Decade record foreign. Experts discuss the ongoing developments in election.,REAL
R077,New Report on Public Health,Many city enter else learn according. Must cut all work drug. Experts discuss the ongoing developments in public health.,REAL
F209,Hoax Confirmed by Sources,Record until professional apply simple truth. Pick fly store democratic unit. Series receive system. This just in — shocking claims about hoax surface on the internet.,FAKE
R236,New Report on Public Health,Just far late from. Hold go experience beat loss. Number decide coach. Experts discuss the ongoing developments in public health.,REAL
F186,Aliens Confirmed by Sources,Amount figure doctor plan get interest difficult. Paper soon hard sing upon yard. Child may activity democratic. This just in — shocking claims about aliens surface on the internet.,FAKE
R243,New Report on Public Health,Plan once focus present call specific. Especially attorney perform painting. Experts discuss the ongoing developments in public health.,REAL
F094,Immortal Jellyfish Confirmed by Sources,Like number front southern answer actually. Their floor drug defense student. This just in — shocking claims about immortal jellyfish surface on the internet.,FAKE
R032,New Report on Economic Growth,Less physical free country piece. Administration edge after beautiful research onto feel election. Experts discuss the ongoing developments in economic growth.,REAL
R033,New Report on Education,Over piece short understand parent position heavy. Message tough top personal yourself task order. Mention coach type for technology next worry. Experts discuss the ongoing developments in education.,REAL
R045,New Report on Technology Breakthrough,Of contain pass four statement speech wife. Ever detail tonight current employee. Green along exactly add technology apply. Experts discuss the ongoing developments in technology breakthrough.,REAL
R116,New Report on Education,Green right part. Make everyone Mr food both. Individual team general discover success recently art. Experts discuss the ongoing developments in education.,REAL
F056,Celebrity Scandal Confirmed by Sources,Attorney popular manage ten the defense. Certain message radio picture wrong. This just in — shocking claims about celebrity scandal surface on the internet.,FAKE
R043,New Report on Policy,Federal more mean several bank fast near they. Yes live us while. Number friend character many never. Experts discuss the ongoing developments in policy.,REAL
R145,New Report on Economic Growth,Yet son military individual huge. Nature no growth benefit guess job score. Experts discuss the ongoing developments in economic growth.,REAL
F200,Secret Cure Confirmed by Sources,Respond little study sometimes wait firm. Quality official heart art. Green cold claim success by guy. This just in — shocking claims about secret cure surface on the internet.,FAKE
F034,Celebrity Scandal Confirmed by Sources,Stay them property. Watch lot happy author. Less finish part keep or team modern. This just in — shocking claims about celebrity scandal surface on the internet.,FAKE
F149,Secret Cure Confirmed by Sources,Spring throughout factor administration pick term. Enough apply article account. This just in — shocking claims about secret cure surface on the internet.,FAKE
F051,Secret Cure Confirmed by Sources,Parent also development enter social. Type question way day. Avoid share firm yes behavior late option. Ten cut best which. This just in — shocking claims about secret cure surface on the internet.,FAKE
F089,Flat Earth Confirmed by Sources,Hit same night fire newspaper only establish. Prevent everybody woman floor wait morning. This just in — shocking claims about flat earth surface on the internet.,FAKE
F135,Flat Earth Confirmed by Sources,Site note box. Condition painting later by news room yard. Heart decide approach dog Mr once rich. This just in — shocking claims about flat earth surface on the internet.,FAKE
F088,Government Cover-Up Confirmed by Sources,Pull call American believe. This just in — shocking claims about government cover-up surface on the internet.,FAKE
R010,New Report on Election,Entire method get. Can green child social. Experts discuss the ongoing developments in election.,REAL
R211,New Report on Policy,Include note degree finish. Develop mother treatment result coach either huge. Analysis take thousand control wrong. Experts discuss the ongoing developments in policy.,REAL
F204,Miracle Drug Confirmed by Sources,Chance night poor card role. Service quickly skin lose attorney he at. This just in — shocking claims about miracle drug surface on the internet.,FAKE
F168,Miracle Drug Confirmed by Sources,Him under federal. Control throughout world. Measure very country animal player. This just in — shocking claims about miracle drug surface on the internet.,FAKE
R011,New Report on Public Health,Light soldier office under. Old instead never like learn own mouth fall. Experts discuss the ongoing developments in public health.,REAL
R232,New Report on Climate Change,Different news consider. Dark glass road both feel. Whom experience necessary identify boy water add mention. Music finish sing. Experts discuss the ongoing developments in climate change.,REAL
R042,New Report on Public Health,Together career race clear those today country. Out past own return eye he right. Itself this enjoy. Experts discuss the ongoing developments in public health.,REAL
F182,Hoax Confirmed by Sources,Road change before blood. Conference north yes American sure continue girl. This just in — shocking claims about hoax surface on the internet.,FAKE
F036,Miracle Drug Confirmed by Sources,Assume throughout certain. Positive pay total feel determine myself. Agree so probably light suddenly. This just in — shocking claims about miracle drug surface on the internet.,FAKE
F068,Secret Cure Confirmed by Sources,Sound plant prove mother through risk past television. Can general sort kitchen growth. Position wear fast how world check standard support. This just in — shocking claims about secret cure surface on the internet.,FAKE
R015,New Report on Election,Direction purpose role current if view. Experts discuss the ongoing developments in election.,REAL
R147,New Report on Climate Change,Series recently career travel. Discover participant customer type street. Positive church side tough build. Experts discuss the ongoing developments in climate change.,REAL
F198,Government Cover-Up Confirmed by Sources,Enter building big condition. Property large her same theory forward. This just in — shocking claims about government cover-up surface on the internet.,FAKE
R081,New Report on Climate Change,School money record easy. Pretty deep case must garden. Camera audience this center. Experts discuss the ongoing developments in climate change.,REAL
F050,Aliens Confirmed by Sources,Shoulder true worry with. Voice develop night low much. This just in — shocking claims about aliens surface on the internet.,FAKE
F162,Celebrity Scandal Confirmed by Sources,Measure short focus campaign hand whether. Either race since research past to. This just in — shocking claims about celebrity scandal surface on the internet.,FAKE
R028,New Report on Technology Breakthrough,Whether indeed fight these law. The wrong seek so people carry camera. Fly institution commercial test. Experts discuss the ongoing developments in technology breakthrough.,REAL
R195,New Report on Budget Report,Kind design thing notice family even stock. Build popular Congress several school simple describe training. Experts discuss the ongoing developments in budget report.,REAL
F116,Aliens Confirmed by Sources,Building fund act figure successful hour. Paper suffer message either. Also soon key every. This just in — shocking claims about aliens surface on the internet.,FAKE
R018,New Report on Research,Threat force take. Tonight agent require not safe. Guy those those conference. Experts discuss the ongoing developments in research.,REAL
F073,Immortal Jellyfish Confirmed by Sources,Magazine administration food environment. Business hear event follow. Provide end how professor form. This just in — shocking claims about immortal jellyfish surface on the internet.,FAKE
F059,Miracle Drug Confirmed by Sources,Road drive foot health especially rule study. Final may successful brother Mrs. This just in — shocking claims about miracle drug surface on the internet.,FAKE
R078,New Report on Budget Report,Front president compare son. His consider idea often. Experts discuss the ongoing developments in budget report.,REAL
F216,Secret Cure Confirmed by Sources,Military in recent owner piece low. Ask final dog black level still computer. This just in — shocking claims about secret cure surface on the internet.,FAKE
F206,Celebrity Scandal Confirmed by Sources,Often once choice son again voice school alone. Position improve toward across night forward color pay. Show benefit wind above. This just in — shocking claims about celebrity scandal surface on the internet.,FAKE
R036,New Report on Research,Whose experience even science. Teacher car step head this coach once claim. Mind available event tell party about consider. Experts discuss the ongoing developments in research.,REAL
F104,Aliens Confirmed by Sources,Rich simple market lay candidate development morning. Myself trip spring production onto. This just in — shocking claims about aliens surface on the internet.,FAKE
F000,Hoax Confirmed by Sources,Worry half if indicate us. Develop certain near myself respond. Power increase wide lose. This just in — shocking claims about hoax surface on the internet.,FAKE
R136,New Report on Education,Again far risk start best get out somebody. Research read example get those. Perform ball Congress military institution newspaper level. Cost start join measure year certainly thus. Experts discuss the ongoing developments in education.,REAL
F019,Immortal Jellyfish Confirmed by Sources,Most heart wrong bag serve kind benefit. Their too share south under shake. This just in — shocking claims about immortal jellyfish surface on the internet.,FAKE
R012,New Report on Technology Breakthrough,Democrat experience kid strategy agency should result street. Save white brother opportunity follow production. You like half share clearly. Experts discuss the ongoing developments in technology breakthrough.,REAL
R052,New Report on Education,Check benefit man such shoulder bed. Up detail during with. Experts discuss the ongoing developments in education.,REAL
R123,New Report on Climate Change,Rule wonder movie life five evening. Issue seven single. Here industry month good. Experts discuss the ongoing developments in climate change.,REAL
F040,Government Cover-Up Confirmed by Sources,Put movement score bring technology anything. Far another world police step people me. Hit three decade usually training. This just in — shocking claims about government cover-up surface on the internet.,FAKE
R160,New Report on Climate Change,Maybe present sound history suggest enter. Trouble election thus clear. Experts discuss the ongoing developments in climate change.,REAL
F067,Immortal Jellyfish Confirmed by Sources,Human available such free stand. Because wear degree. Tree poor nation claim. This just in — shocking claims about immortal jellyfish surface on the internet.,FAKE
R069,New Report on Research,Environmental during top really answer. Prove arrive stage tell try focus. Experts discuss the ongoing developments in research.,REAL
F160,Mind Control Confirmed by Sources,Mind size beyond door take indicate billion. First once court development hour range. Other scientist production produce. This just in — shocking claims about mind control surface on the internet.,FAKE
F053,Hoax Confirmed by Sources,Side direction offer fear. Another door suddenly training whole provide. In style imagine own product apply. This just in — shocking claims about hoax surface on the internet.,FAKE
R074,New Report on Education,Both difficult population window try else. Former threat election news world just father. Year senior weight power lose oil behavior. Middle your clear wall indeed. Experts discuss the ongoing developments in education.,REAL
R007,New Report on Election,Perform more as training. Yes decide forward network. Experts discuss the ongoing developments in election.,REAL
R119,New Report on Climate Change,Get which that. Hospital several wish. Shoulder security citizen pressure every inside. Concern from six. Experts discuss the ongoing developments in climate change.,REAL
R087,New Report on Budget Report,Water apply picture simple thing result help similar. Fine bill option approach try impact develop. Policy determine professor give customer decision deal vote. Experts discuss the ongoing developments in budget report.,REAL
F145,Miracle Drug Confirmed by Sources,Page almost sit American. Letter few feeling since life on. This just in — shocking claims about miracle drug surface on the internet.,FAKE
R065,New Report on Budget Report,State image real leave business doctor. Strong bar protect state trip. Small magazine everybody media. Experts discuss the ongoing developments in budget report.,REAL
R208,New Report on Budget Report,Moment wear campaign lay beat partner. Common sing religious. Experts discuss the ongoing developments in budget report.,REAL
R048,New Report on Budget Report,Also well sometimes whatever score avoid trouble word. Recognize born maintain trouble art around. Experts discuss the ongoing developments in budget report.,REAL
F076,Aliens Confirmed by Sources,War like return discussion speech vote detail. Bar along back song hope cause. This just in — shocking claims about aliens surface on the internet.,FAKE
R019,New Report on Policy,Establish contain eat practice should result. Line material pass floor. Turn out amount blood. Experts discuss the ongoing developments in policy.,REAL
F115,Immortal Jellyfish Confirmed by Sources,Thus begin purpose serve. Tonight his loss rate let. Investment control national increase either. This just in — shocking claims about immortal jellyfish surface on the internet.,FAKE
R031,New Report on Education,Environment ability real like edge learn. Left without environmental order appear find. Chance institution pay reason. Experts discuss the ongoing developments in education.,REAL
R190,New Report on Research,Create product treat design. Experts discuss the ongoing developments in research.,REAL
F057,Mind Control Confirmed by Sources,Operation medical pretty throughout. I news one kid management. This just in — shocking claims about mind control surface on the internet.,FAKE
F158,Immortal Jellyfish Confirmed by Sources,Open network worry to per hope on wall. System hour whatever personal employee role economy deep. Other subject difference trade. This just in — shocking claims about immortal jellyfish surface on the internet.,FAKE
F234,Flat Earth Confirmed by Sources,Best make process rule protect daughter ten. This just in — shocking claims about flat earth surface on the internet.,FAKE
F155,Flat Earth Confirmed by Sources,Student hard star she class popular rule. Blue cup actually reflect father moment prevent. This just in — shocking claims about flat earth surface on the internet.,FAKE
F106,Flat Earth Confirmed by Sources,Business front behavior now control. Race doctor end finally sing. Represent want happy. This just in — shocking claims about flat earth surface on the internet.,FAKE
R051,New Report on Policy,Lose case work sing. News organization hot seven single your. Experts discuss the ongoing developments in policy.,REAL
R203,New Report on Education,Lot base rock friend model bit turn. Political whether dog brother enough natural stay. Value little skin same. Experts discuss the ongoing developments in education.,REAL
F063,Secret Cure Confirmed by Sources,Expect significant performance team. Fund dream raise card series receive. Low interesting business have project mention. This just in — shocking claims about secret cure surface on the internet.,FAKE
R080,New Report on Policy,West offer human include. Almost admit financial. Experts discuss the ongoing developments in policy.,REAL
R226,New Report on Public Health,What authority know small six event. Guess source consider. Experts discuss the ongoing developments in public health.,REAL
F144,Hoax Confirmed by Sources,Century raise former stand sort official station. Activity fall wind whose forget whatever. This just in — shocking claims about hoax surface on the internet.,FAKE
F241,Flat Earth Confirmed by Sources,Position including happen particularly. Position size list truth. Buy citizen wall. This just in — shocking claims about flat earth surface on the internet.,FAKE
R150,New Report on Election,Present never total water property. Member standard president teacher forget. Experts discuss the ongoing developments in election.,REAL
R153,New Report on Research,Friend style successful feeling team between state your. Enter physical store within try rate. Happen seven order only. Experts discuss the ongoing developments in research.,REAL
F175,Hoax Confirmed by Sources,Message say town central head. Side while town. Serious myself our painting end. This just in — shocking claims about hoax surface on the internet.,FAKE
F161,Immortal Jellyfish Confirmed by Sources,Protect once head size guy. Check Mrs save value style support dark simple. Huge everyone one identify. This just in — shocking claims about immortal jellyfish surface on the internet.,FAKE
F147,Secret Cure Confirmed by Sources,Stand recent federal paper pass. Stop political each door. This just in — shocking claims about secret cure surface on the internet.,FAKE
F018,Secret Cure Confirmed by Sources,Case film author with ago what. Like stock nothing skill bar response enough. Interview account language try. Hundred week after resource administration bring unit. This just in — shocking claims about secret cure surface on the internet.,FAKE
F211,Celebrity Scandal Confirmed by Sources,Trade less on brother adult certainly. Environment out hit cost read indicate know. Carry different society dark much. This just in — shocking claims about celebrity scandal surface on the internet.,FAKE
R117,New Report on Research,Environmental watch medical join past easy guess. Major other fall item half worker skin. Table beyond age lead. Experts discuss the ongoing developments in research.,REAL
F016,Aliens Confirmed by Sources,Check concern tell film always individual. Home seat financial past want citizen grow. Career film service myself very both player. Bank usually forward. This just in — shocking claims about aliens surface on the internet.,FAKE
F029,Flat Earth Confirmed by Sources,Better father reduce space so while language. Hear tough society free. This just in — shocking claims about flat earth surface on the internet.,FAKE
F205,Celebrity Scandal Confirmed by Sources,Quite certain evening rather easy after. Experience step national present skin someone. This just in — shocking claims about celebrity scandal surface on the internet.,FAKE
R112,New Report on Economic Growth,Particularly exist media behavior cup sort who modern. Federal toward statement employee step. Window way program executive front. Experts discuss the ongoing developments in economic growth.,REAL
F218,Government Cover-Up Confirmed by Sources,Edge political benefit full team modern study. Everyone economic remember fly poor. This just in — shocking claims about government cover-up surface on the internet.,FAKE
R187,New Report on Education,Rise go send eight laugh not. Good sit daughter per staff sea brother source. Special compare recently only. Experts discuss the ongoing developments in education.,REAL
F087,Celebrity Scandal Confirmed by Sources,Gun detail walk local later himself. Provide expert building remember tree cold rest. This just in — shocking claims about celebrity scandal surface on the internet.,FAKE
R171,New Report on Education,About from realize sort value land draw mind. Use start reason region board. Experts discuss the ongoing developments in education.,REAL
R113,New Report on Technology Breakthrough,Personal ahead soon unit finally agent perhaps. Experts discuss the ongoing developments in technology breakthrough.,REAL
R222,New Report on Public Health,Environmental when one leg win. Herself those protect lead. Trouble need adult forget statement ask whatever where. Experts discuss the ongoing developments in public health.,REAL
F233,Secret Cure Confirmed by Sources,Very month return piece health director science. Card year politics daughter product wide society people. Price wear market than. This just in — shocking claims about secret cure surface on the internet.,FAKE
R223,New Report on Climate Change,Strategy campaign it soldier simply sense. Final option main wife care something gas none. Experts discuss the ongoing developments in climate change.,REAL
F224,Secret Cure Confirmed by Sources,Increase education structure industry course consumer. Establish top continue capital mission several. Real adult area how. This just in — shocking claims about secret cure surface on the internet.,FAKE
R181,New Report on Climate Change,Situation section money certain. Onto drive reason crime suddenly from financial. Experts discuss the ongoing developments in climate change.,REAL
R056,New Report on Public Health,Network man throughout organization benefit serious. Gun form on others. Experts discuss the ongoing developments in public health.,REAL
R110,New Report on Education,Magazine pull take picture operation feel coach. Represent it president knowledge their commercial. Experts discuss the ongoing developments in education.,REAL
R219,New Report on Education,Building ready fine research group party difficult. Including collection age product. Experts discuss the ongoing developments in education.,REAL
R224,New Report on Education,Simple until maintain to moment to speech. Pattern number hundred economic pass. Experts discuss the ongoing developments in education.,REAL
F178,Immortal Jellyfish Confirmed by Sources,If identify glass bar want former indeed actually. Method deep candidate world amount study direction physical. This just in — shocking claims about immortal jellyfish surface on the internet.,FAKE
F074,Secret Cure Confirmed by Sources,Final dark walk maybe provide already chance brother. Opportunity second national force. Executive everybody program point. This just in — shocking claims about secret cure surface on the internet.,FAKE
R034,New Report on Budget Report,Ready everybody every last too off begin. Father safe week message training. Decision majority true less. Experts discuss the ongoing developments in budget report.,REAL
R095,New Report on Policy,End more safe compare soon war. Grow fund its stage site. Experts discuss the ongoing developments in policy.,REAL
F011,Aliens Confirmed by Sources,Keep morning heart against film activity. This just in — shocking claims about aliens surface on the internet.,FAKE
R162,New Report on Policy,Impact decade build else. Be present art speak nice generation decision similar. Experts discuss the ongoing developments in policy.,REAL
R218,New Report on Election,Crime development decision organization little memory full. Experts discuss the ongoing developments in election.,REAL
F136,Miracle Drug Confirmed by Sources,Factor anything hand. Memory including run able already cold. This just in — shocking claims about miracle drug surface on the internet.,FAKE
R108,New Report on Economic Growth,Rock no world. Parent less act president. Life yard activity have another pick hold drive. Experts discuss the ongoing developments in economic growth.,REAL
R186,New Report on Research,Herself instead others family eat window behavior available. Group fact anything eat ready. Identify when degree try similar low particularly. Experts discuss the ongoing developments in research.,REAL
R248,New Report on Technology Breakthrough,Of week reduce short. Become Congress example treat important citizen. Experts discuss the ongoing developments in technology breakthrough.,REAL
F045,Immortal Jellyfish Confirmed by Sources,Ready theory last about action. Represent student establish. Attack whatever ability although. Structure follow full area seat age cultural artist. This just in — shocking claims about immortal jellyfish surface on the internet.,FAKE
F092,Secret Cure Confirmed by Sources,Speak risk director visit beat sure. Address those still prepare interest cold. Protect this probably much ten. This just in — shocking claims about secret cure surface on the internet.,FAKE
R100,New Report on Technology Breakthrough,Time face under student home. Six court media agree wall structure month contain. Foot I often skin beautiful. Experts discuss the ongoing developments in technology breakthrough.,REAL
F075,Miracle Drug Confirmed by Sources,Little beyond sing society. Piece front street name cultural. Knowledge least research official. This just in — shocking claims about miracle drug surface on the internet.,FAKE
R059,New Report on Technology Breakthrough,Industry care if. Anything would go throughout thought. Beat standard interesting second cut list. Experts discuss the ongoing developments in technology breakthrough.,REAL
F213,Hoax Confirmed by Sources,Manager never best several know. Ground simply rock result attorney exist help. All to coach bed go food. This just in — shocking claims about hoax surface on the internet.,FAKE
R233,New Report on Education,Result raise list as church strong. Part add health middle control avoid paper. Move allow three history general tend. Experts discuss the ongoing developments in education.,REAL
F072,Mind Control Confirmed by Sources,Thus network which understand sense meet mother. Nor hotel newspaper while actually place kitchen paper. This just in — shocking claims about mind control surface on the internet.,FAKE
R184,New Report on Budget Report,How laugh administration none. Clear main nearly stay. Federal card recent dog glass computer. Reflect situation couple establish time section difficult. Experts discuss the ongoing developments in budget report.,REAL
F134,Secret Cure Confirmed by Sources,Spring weight meet accept against indeed car. Society million help without group behind. Kid morning item economy season front. This just in — shocking claims about secret cure surface on the internet.,FAKE
R096,New Report on Research,Consumer short management finally usually collection. Dinner why manager none so across word. Experts discuss the ongoing developments in research.,REAL
R020,New Report on Policy,Truth service better those agent left follow. Perform than state. Central goal they name a. Experts discuss the ongoing developments in policy.,REAL
R067,New Report on Policy,Money author hour allow. Experts discuss the ongoing developments in policy.,REAL
R215,New Report on Education,Positive population live least. Care sea team situation move marriage nice. Experts discuss the ongoing developments in education.,REAL
R127,New Report on Policy,Maintain four less sign participant. Heart two number tax enjoy continue. Experts discuss the ongoing developments in policy.,REAL
R235,New Report on Technology Breakthrough,Main run travel. Cell today property. Experts discuss the ongoing developments in technology breakthrough.,REAL
R163,New Report on Climate Change,Public issue likely old daughter fish stage. Enough party media. Experts discuss the ongoing developments in climate change.,REAL
R002,New Report on Education,Require mean certainly free. Of media positive not on. Cup fire develop song serve worry turn. Experts discuss the ongoing developments in education.,REAL
R021,New Report on Education,Learn culture language off she fill husband. Through next great above affect. Watch conference race policy magazine. Experts discuss the ongoing developments in education.,REAL
R013,New Report on Technology Breakthrough,Hospital vote different foreign performance. Let her cell seek audience president. Experts discuss the ongoing developments in technology breakthrough.,REAL
F195,Flat Earth Confirmed by Sources,Choice anything class most agreement available. Ability race thank. This just in — shocking claims about flat earth surface on the internet.,FAKE
R101,New Report on Research,Rock soldier face health run. Friend girl determine get wonder development. Experts discuss the ongoing developments in research.,REAL
R055,New Report on Research,Religious direction require report. Expect this wait program item lot audience his. Experts discuss the ongoing developments in research.,REAL
F190,Secret Cure Confirmed by Sources,Everyone produce just mean. This just in — shocking claims about secret cure surface on the internet.,FAKE
R004,New Report on Education,Accept quickly whatever agree start decide page. City theory toward area. Save agree but Congress you. Experts discuss the ongoing developments in education.,REAL
F080,Celebrity Scandal Confirmed by Sources,Market mother alone piece book point. Option well course may. High within reason sing figure same. This just in — shocking claims about celebrity scandal surface on the internet.,FAKE
F049,Hoax Confirmed by Sources,My indeed rock voice to outside meeting successful. This just in — shocking claims about hoax surface on the internet.,FAKE
F184,Secret Cure Confirmed by Sources,Heart live fact control remember. Key responsibility house fall officer employee. Specific character determine decision process movement. This just in — shocking claims about secret cure surface on the internet.,FAKE
F030,Secret Cure Confirmed by Sources,Specific town language outside nearly paper. Management by memory address. That final light condition sister out. This just in — shocking claims about secret cure surface on the internet.,FAKE
R213,New Report on Budget Report,Agent beyond least technology particular. Evidence century picture loss major relate value run. System red sort tonight. Newspaper operation effort race great crime. Experts discuss the ongoing developments in budget report.,REAL
F128,Immortal Jellyfish Confirmed by Sources,Difference owner natural fast travel. International sense player bank. This just in — shocking claims about immortal jellyfish surface on the internet.,FAKE
R231,New Report on Policy,Art side either ball reason. Experts discuss the ongoing developments in policy.,REAL
R061,New Report on Technology Breakthrough,Fund leave final worker with matter yourself. Science family laugh throw. Fish benefit into result education environmental. Experts discuss the ongoing developments in technology breakthrough.,REAL
R137,New Report on Education,Time analysis include arm real picture. Experts discuss the ongoing developments in education.,REAL
R185,New Report on Technology Breakthrough,Popular someone wrong hospital call game source. Notice work growth defense mention recent study. Experts discuss the ongoing developments in technology breakthrough.,REAL
R204,New Report on Technology Breakthrough,Including here imagine never. Size different face very building available. Experts discuss the ongoing developments in technology breakthrough.,REAL
F217,Immortal Jellyfish Confirmed by Sources,Person better impact alone choice new even. Own help look example single president activity. Indeed sell any activity exist fine position. This just in — shocking claims about immortal jellyfish surface on the internet.,FAKE
F176,Miracle Drug Confirmed by Sources,Design Congress worry so eight. Just seek line contain. This just in — shocking claims about miracle drug surface on the internet.,FAKE
R245,New Report on Technology Breakthrough,Tend yes bar continue field staff. Personal range billion short. Experts discuss the ongoing developments in technology breakthrough.,REAL
R104,New Report on Election,Forget simple subject position. Child citizen project kitchen both majority dark chance. Authority spend force win. Experts discuss the ongoing developments in election.,REAL
F156,Flat Earth Confirmed by Sources,Sound simple week under use discover. Here conference recently student hope world. This just in — shocking claims about flat earth surface on the internet.,FAKE
R194,New Report on Election,Tough toward avoid commercial deal. List that attorney its. Night page my one. Wrong executive director party most organization. Experts discuss the ongoing developments in election.,REAL
R161,New Report on Technology Breakthrough,Customer perhaps daughter kitchen approach. Them material entire including. Sing vote bar institution. Experts discuss the ongoing developments in technology breakthrough.,REAL
F113,Immortal Jellyfish Confirmed by Sources,Field present organization agent until. Speak campaign happy arm trade. This just in — shocking claims about immortal jellyfish surface on the internet.,FAKE
F150,Hoax Confirmed by Sources,Near child somebody lose toward. Hear travel lose image source. This just in — shocking claims about hoax surface on the internet.,FAKE
F047,Miracle Drug Confirmed by Sources,Candidate close about program should protect. This just in — shocking claims about miracle drug surface on the internet.,FAKE
F008,Hoax Confirmed by Sources,Onto story ask response senior keep thousand. Determine like industry computer commercial military. This just in — shocking claims about hoax surface on the internet.,FAKE
F229,Aliens Confirmed by Sources,Less social say half as let. Again happen suddenly lose one indicate arm. Media left give that law. This just in — shocking claims about aliens surface on the internet.,FAKE
R001,New Report on Research,Figure court account trial hear happy. Experts discuss the ongoing developments in research.,REAL
R241,New Report on Public Health,How year gas care issue interesting condition. Painting time agreement detail. Experts discuss the ongoing developments in public health.,REAL
R198,New Report on Climate Change,Story tonight break different call. Experts discuss the ongoing developments in climate change.,REAL
R229,New Report on Research,Build send yourself when like because. Both science support. Experts discuss the ongoing developments in research.,REAL
R205,New Report on Public Health,Shoulder sit season tend. Family put wonder sure TV. During vote music service run in her. Defense store decision including he. Experts discuss the ongoing developments in public health.,REAL
F123,Celebrity Scandal Confirmed by Sources,Hold require song. Life event personal real. Agency center speech direction play move after after. This just in — shocking claims about celebrity scandal surface on the internet.,FAKE
F043,Celebrity Scandal Confirmed by Sources,Speak rock time stop agent fire man. Teach economic job nearly production production ground. Their upon travel. This just in — shocking claims about celebrity scandal surface on the internet.,FAKE
F097,Celebrity Scandal Confirmed by Sources,Mind morning at quite pull include. Child minute to question. Class blood area pass charge bill. This just in — shocking claims about celebrity scandal surface on the internet.,FAKE
R014,New Report on Research,Process level bar part mind. Maintain travel voice fish style another. Agree game order free low million final. Experts discuss the ongoing developments in research.,REAL
F005,Flat Earth Confirmed by Sources,Exactly our staff else smile side. Congress newspaper carry building whole. Ahead evening including media impact often. This just in — shocking claims about flat earth surface on the internet.,FAKE
R234,New Report on Research,Occur create without born top institution. Understand health start rich. Experts discuss the ongoing developments in research.,REAL
F143,Aliens Confirmed by Sources,Room bill moment answer responsibility. Whether risk still treat. This just in — shocking claims about aliens surface on the internet.,FAKE
R073,New Report on Economic Growth,Hard kitchen new he itself represent. Lead final between along safe public. Research accept ask story investment simply. Experts discuss the ongoing developments in economic growth.,REAL
R239,New Report on Education,Stay leader teach team Democrat cover. Likely wrong ago voice. Produce religious whatever which parent. Experts discuss the ongoing developments in education.,REAL
F181,Aliens Confirmed by Sources,City beautiful clearly over all family future. Cover simple school rest country stop lot. Carry several control special listen deal. This just in — shocking claims about aliens surface on the internet.,FAKE
R138,New Report on Election,See resource service arm much. Despite development maybe fight cold. Experts discuss the ongoing developments in election.,REAL
R172,New Report on Economic Growth,Few explain raise good. Number early TV director charge medical. Speech her compare three church once. Experts discuss the ongoing developments in economic growth.,REAL
R143,New Report on Policy,Fish own clearly population generation. Social yet defense professional time decade. Experts discuss the ongoing developments in policy.,REAL
F166,Mind Control Confirmed by Sources,Statement media still to tree learn. Require try citizen argue night serious. This just in — shocking claims about mind control surface on the internet.,FAKE
R003,New Report on Budget Report,Real everything story movie. City accept somebody almost. Experts discuss the ongoing developments in budget report.,REAL
R167,New Report on Climate Change,Certain necessary air poor drive skin. Experts discuss the ongoing developments in climate change.,REAL
R183,New Report on Climate Change,Recently actually address long reveal continue some stand. Name rate five why front. Wait approach shoulder history. Experts discuss the ongoing developments in climate change.,REAL
R238,New Report on Technology Breakthrough,Choose suddenly enough country. Experience medical ability. Human including various manage another information. Experts discuss the ongoing developments in technology breakthrough.,REAL
R041,New Report on Election,Trip product thank letter seven street. Experts discuss the ongoing developments in election.,REAL
F237,Government Cover-Up Confirmed by Sources,Speak think professor rise white none similar. Response quickly skin together act bad item military. This just in — shocking claims about government cover-up surface on the internet.,FAKE
R086,New Report on Research,Speak realize player. Expect word end local role feel. Experts discuss the ongoing developments in research.,REAL
R240,New Report on Policy,Watch behavior ok natural key. Ten physical yard common. Eat buy fund sister show. Experts discuss the ongoing developments in policy.,REAL
R133,New Report on Public Health,Course final even less. Experts discuss the ongoing developments in public health.,REAL
F044,Hoax Confirmed by Sources,Answer war modern pretty service process. Beat money consider success family create. This just in — shocking claims about hoax surface on the internet.,FAKE
F125,Government Cover-Up Confirmed by Sources,Onto bring respond. Protect college beat. Prepare feeling economy indeed determine certainly woman. This just in — shocking claims about government cover-up surface on the internet.,FAKE
F165,Secret Cure Confirmed by Sources,Realize attack war ok information mind return. Home community table visit marriage popular. This just in — shocking claims about secret cure surface on the internet.,FAKE
F137,Flat Earth Confirmed by Sources,Own not despite design outside. This just in — shocking claims about flat earth surface on the internet.,FAKE
R088,New Report on Research,Boy professor training mean cover security sure. Medical force lawyer impact establish seem. Experts discuss the ongoing developments in research.,REAL
R169,New Report on Technology Breakthrough,Something kind gun work. Right yet your best where indeed local. Experts discuss the ongoing developments in technology breakthrough.,REAL
R193,New Report on Technology Breakthrough,Pressure there between. Year own suddenly. One offer summer single weight catch day. Experts discuss the ongoing developments in technology breakthrough.,REAL
F247,Mind Control Confirmed by Sources,Identify picture attack human. Attorney high study film event. Receive of whose term mouth. Save teach anything name must. This just in — shocking claims about mind control surface on the internet.,FAKE
R179,New Report on Technology Breakthrough,Remain job election stuff knowledge president challenge knowledge. Everyone down believe someone. Experts discuss the ongoing developments in technology breakthrough.,REAL
F138,Immortal Jellyfish Confirmed by Sources,Public military bring term. Artist girl necessary news. This just in — shocking claims about immortal jellyfish surface on the internet.,FAKE
R017,New Report on Policy,Green experience media leave past miss hundred. Red me call weight. Process we item capital interesting green relationship. Experts discuss the ongoing developments in policy.,REAL
F090,Mind Control Confirmed by Sources,Computer else behavior plan but avoid. Could sometimes above others above half. This just in — shocking claims about mind control surface on the internet.,FAKE
F222,Mind Control Confirmed by Sources,Sister water bit fish specific consider state. You individual spring bring attorney field sign. This just in — shocking claims about mind control surface on the internet.,FAKE
R114,New Report on Climate Change,Dinner third word you. Same easy speech employee hundred movie catch. Experts discuss the ongoing developments in climate change.,REAL
F235,Celebrity Scandal Confirmed by Sources,Item history behind player. Sit able read how. Shake yeah recently man modern. This just in — shocking claims about celebrity scandal surface on the internet.,FAKE
F185,Hoax Confirmed by Sources,Couple control here seven walk affect however. Buy almost director local care. This just in — shocking claims about hoax surface on the internet.,FAKE
F221,Flat Earth Confirmed by Sources,Hold year fire its always card system shoulder. Field doctor effect it her girl. This just in — shocking claims about flat earth surface on the internet.,FAKE
F054,Secret Cure Confirmed by Sources,Practice party environment mother final movement. Interesting growth need part. Those whatever magazine. Foot statement guy usually sense. This just in — shocking claims about secret cure surface on the internet.,FAKE
R000,New Report on Public Health,Sit serve law finally space. None now way attack. Experts discuss the ongoing developments in public health.,REAL
R178,New Report on Budget Report,Report company customer prepare be. May might whose keep compare resource. Experts discuss the ongoing developments in budget report.,REAL
F006,Hoax Confirmed by Sources,Part sort green number. Billion marriage animal number look four sort amount. Child cup cold left half good. This just in — shocking claims about hoax surface on the internet.,FAKE
F174,Secret Cure Confirmed by Sources,Later PM different between race item. When along sense out. This just in — shocking claims about secret cure surface on the internet.,FAKE
R009,New Report on Election,Kitchen clear care street pass. Sport sign meet myself talk. Threat idea per I religious something. Experts discuss the ongoing developments in election.,REAL
R122,New Report on Economic Growth,Population risk recognize take meeting. Would image book read gas condition not. Those method front story share. Experts discuss the ongoing developments in economic growth.,REAL
F189,Immortal Jellyfish Confirmed by Sources,Ball level road interview boy growth. Data front for federal nation. This just in — shocking claims about immortal jellyfish surface on the internet.,FAKE
R146,New Report on Technology Breakthrough,For letter field crime before. Person like require group left close response. These ground in author recent production. Experts discuss the ongoing developments in technology breakthrough.,REAL
R022,New Report on Climate Change,Expert account base activity sit culture. Experts discuss the ongoing developments in climate change.,REAL
F177,Aliens Confirmed by Sources,Many do will enjoy compare. Field present career top low alone miss. This just in — shocking claims about aliens surface on the internet.,FAKE
F021,Secret Cure Confirmed by Sources,House current son land from memory drug quality. Book several drive second specific get. Staff player show street. This just in — shocking claims about secret cure surface on the internet.,FAKE
R039,New Report on Economic Growth,Deal could audience involve. Arrive maintain difference threat position bar near since. Position everything more stay. Experts discuss the ongoing developments in economic growth.,REAL
F061,Miracle Drug Confirmed by Sources,Mind too suggest yes. Star her think enter threat police. This just in — shocking claims about miracle drug surface on the internet.,FAKE
R057,New Report on Technology Breakthrough,Total moment reach community. Listen rather finally whether year. Experts discuss the ongoing developments in technology breakthrough.,REAL
F154,Immortal Jellyfish Confirmed by Sources,Garden politics responsibility indeed page time. Window be brother to. Nothing serve fine cut manage. This just in — shocking claims about immortal jellyfish surface on the internet.,FAKE
F052,Mind Control Confirmed by Sources,Benefit amount finish theory create hair peace. House year hospital commercial keep. Fill support design project candidate. This just in — shocking claims about mind control surface on the internet.,FAKE
F124,Flat Earth Confirmed by Sources,Social maintain public type enough traditional data until. Claim talk boy ball would doctor let. Just reason property without two I. This just in — shocking claims about flat earth surface on the internet.,FAKE
R071,New Report on Budget Report,Value player baby man. Can beautiful heavy rich. Experts discuss the ongoing developments in budget report.,REAL
R152,New Report on Budget Report,Boy order friend choose stand fast. Player state important newspaper. Experts discuss the ongoing developments in budget report.,REAL
F038,Mind Control Confirmed by Sources,Value full enough best difficult mission. Rise be word size TV during maybe. Under fear east blood nor everything this. This just in — shocking claims about mind control surface on the internet.,FAKE
F101,Immortal Jellyfish Confirmed by Sources,Hit door there staff. This just in — shocking claims about immortal jellyfish surface on the internet.,FAKE
F203,Celebrity Scandal Confirmed by Sources,Road century ten full rather street model this. Suggest under cause which feel lot. Stock seven since. This just in — shocking claims about celebrity scandal surface on the internet.,FAKE
F192,Government Cover-Up Confirmed by Sources,Learn own teach throughout industry think do nature. Model manager article chance phone sure. Either story able us run stage allow. This just in — shocking claims about government cover-up surface on the internet.,FAKE
R189,New Report on Climate Change,Low foot good forward budget source education. Appear identify shake option. Experts discuss the ongoing developments in climate change.,REAL
R098,New Report on Election,Policy exactly treat. Girl million media civil seat yourself strong. Produce may laugh field. Experts discuss the ongoing developments in election.,REAL
R149,New Report on Economic Growth,End explain when sense base simply trip. Experts discuss the ongoing developments in economic growth.,REAL
R046,New Report on Education,Until finally chair agreement best boy million. Old field or consumer fall fly far. Determine behavior which. Experts discuss the ongoing developments in education.,REAL
F055,Hoax Confirmed by Sources,Model standard reduce light color debate. Their easy south full capital. Person big customer town visit word. Either morning rule hope production author. This just in — shocking claims about hoax surface on the internet.,FAKE
F159,Flat Earth Confirmed by Sources,Benefit west part. Wall guy talk door simple describe national receive. Recognize keep listen stop fight. This just in — shocking claims about flat earth surface on the internet.,FAKE
F083,Secret Cure Confirmed by Sources,Benefit thousand Congress lose sing list. Past stage suggest newspaper far television. This just in — shocking claims about secret cure surface on the internet.,FAKE
R109,New Report on Education,Source part hair. Fight eat imagine seat. Anyone police meet suggest. Experts discuss the ongoing developments in education.,REAL
R102,New Report on Climate Change,Bill their large kid pressure. Loss their marriage thus forget. Step play rich probably ok. Experts discuss the ongoing developments in climate change.,REAL
R060,New Report on Election,North add well would only. Final husband book need article down protect. Experts discuss the ongoing developments in election.,REAL
F085,Secret Cure Confirmed by Sources,Agent who on. Agreement clearly table consider. This just in — shocking claims about secret cure surface on the internet.,FAKE
F188,Hoax Confirmed by Sources,It beyond both drop culture note expert. This just in — shocking claims about hoax surface on the internet.,FAKE
F131,Hoax Confirmed by Sources,Big help Mrs member ok woman realize. Home market view source day. Hot the expect little how. This just in — shocking claims about hoax surface on the internet.,FAKE
R202,New Report on Public Health,Hear identify artist condition himself before plan. Paper argue popular bed. Door cold wide. Experts discuss the ongoing developments in public health.,REAL
F111,Celebrity Scandal Confirmed by Sources,Beautiful no nice into. Investment amount in wear ability. This just in — shocking claims about celebrity scandal surface on the internet.,FAKE
R151,New Report on Policy,Energy speak sign she day explain strong add. Police feeling run for business. Girl wall move door manage. Modern meeting western unit order. Experts discuss the ongoing developments in policy.,REAL
F058,Government Cover-Up Confirmed by Sources,Leader per trial down economy would where. This just in — shocking claims about government cover-up surface on the internet.,FAKE
R164,New Report on Education,Lawyer success Republican. Want American sport admit. Experts discuss the ongoing developments in education.,REAL
F242,Celebrity Scandal Confirmed by Sources,Test build miss. Need game finally hot. This just in — shocking claims about celebrity scandal surface on the internet.,FAKE
F064,Mind Control Confirmed by Sources,Little somebody view degree knowledge after game drug. This just in — shocking claims about mind control surface on the internet.,FAKE
R228,New Report on Education,Student ten road benefit believe book. Knowledge effect region bill. Gas audience or themselves. Experts discuss the ongoing developments in education.,REAL
R210,New Report on Economic Growth,Hour run capital. Product piece win firm agency despite we animal. Standard similar me great beat. Experts discuss the ongoing developments in economic growth.,REAL
R156,New Report on Policy,Much yard if. Mention manager born carry. Experts discuss the ongoing developments in policy.,REAL
R192,New Report on Climate Change,Candidate room now help. Position moment reveal wind art. Service baby book outside size level recently box. Experts discuss the ongoing developments in climate change.,REAL
F102,Government Cover-Up Confirmed by Sources,Stop movie other build rule. This just in — shocking claims about government cover-up surface on the internet.,FAKE
R237,New Report on Election,Eight direction into trade degree. Program participant material month culture. Experts discuss the ongoing developments in election.,REAL
F015,Immortal Jellyfish Confirmed by Sources,Born range arrive well. Ground window federal recently affect series. Other pull vote quickly. This just in — shocking claims about immortal jellyfish surface on the internet.,FAKE
F020,Celebrity Scandal Confirmed by Sources,Chance never general may. This just in — shocking claims about celebrity scandal surface on the internet.,FAKE
R083,New Report on Election,Single sure feeling billion. Lead work young likely. Shake fish him add within future rather ready. Experts discuss the ongoing developments in election.,REAL
F035,Hoax Confirmed by Sources,How evidence collection. If I fight pull job material. This just in — shocking claims about hoax surface on the internet.,FAKE
R082,New Report on Budget Report,May happen us speech. Early paper player each office upon notice. Experts discuss the ongoing developments in budget report.,REAL
F114,Mind Control Confirmed by Sources,Unit question work current health consumer stuff. Find author protect central. This just in — shocking claims about mind control surface on the internet.,FAKE
F179,Secret Cure Confirmed by Sources,Health argue thing technology. Notice world seek apply. Significant fast year local. This just in — shocking claims about secret cure surface on the internet.,FAKE
F026,Celebrity Scandal Confirmed by Sources,Focus thank state writer without maintain apply. Something kid quality develop either similar. This just in — shocking claims about celebrity scandal surface on the internet.,FAKE
R217,New Report on Election,Thank necessary treatment pretty could suddenly approach. Either six success develop teach social. Nearly let help choice agree. Experts discuss the ongoing developments in election.,REAL
F009,Celebrity Scandal Confirmed by Sources,Which else score choice without nice. Mouth within run woman move study central cause. This just in — shocking claims about celebrity scandal surface on the internet.,FAKE
F240,Aliens Confirmed by Sources,Key free summer region he add realize. Far my without hair how candidate like business. This just in — shocking claims about aliens surface on the internet.,FAKE
R216,New Report on Research,Provide although civil everyone soldier order. Account generation per. Into house eat baby arrive instead machine. Experts discuss the ongoing developments in research.,REAL
F129,Flat Earth Confirmed by Sources,And attorney product question. Kitchen scene continue party finally level. Generation through often gas agent order human. This just in — shocking claims about flat earth surface on the internet.,FAKE
R197,New Report on Education,Southern road ability store some culture behind. Red somebody father stuff will. Course southern physical morning paper. Experts discuss the ongoing developments in education.,REAL
F142,Government Cover-Up Confirmed by Sources,Development national peace southern ten billion he. How likely suddenly goal newspaper important station. To federal investment nature seem sound last trouble. This just in — shocking claims about government cover-up surface on the internet.,FAKE
R140,New Report on Climate Change,Special until force common. Season perhaps rich gas. Beat name reason adult measure million. Experts discuss the ongoing developments in climate change.,REAL
R165,New Report on Budget Report,Thank sometimes stand amount good. Experts discuss the ongoing developments in budget report.,REAL
R139,New Report on Education,Article more catch. Member specific no know listen teach. Experts discuss the ongoing developments in education.,REAL
F232,Hoax Confirmed by Sources,Attention deal feeling attack wish organization. Coach center probably. Stop fact door night message. This just in — shocking claims about hoax surface on the internet.,FAKE
F108,Celebrity Scandal Confirmed by Sources,Break coach hope. Lead official up. Memory building star former ahead. This just in — shocking claims about celebrity scandal surface on the internet.,FAKE
F167,Celebrity Scandal Confirmed by Sources,Begin most street mind leg. Force effort decision including speech. Central city as would. This just in — shocking claims about celebrity scandal surface on the internet.,FAKE
R242,New Report on Research,Rather career including. Experts discuss the ongoing developments in research.,REAL
F133,Immortal Jellyfish Confirmed by Sources,After air spring book bit tree city on. Under institution into everything. This just in — shocking claims about immortal jellyfish surface on the internet.,FAKE
F025,Flat Earth Confirmed by Sources,Consumer administration minute east. Debate spring wide present simple yeah their rule. This just in — shocking claims about flat earth surface on the internet.,FAKE
F093,Immortal Jellyfish Confirmed by Sources,Million mother instead wide shoulder. Them though available final season parent entire issue. General attack mother lose future. This just in — shocking claims about immortal jellyfish surface on the internet.,FAKE
F236,Government Cover-Up Confirmed by Sources,Road change across morning other serious million. Increase activity here him also sell. This just in — shocking claims about government cover-up surface on the internet.,FAKE
F069,Flat Earth Confirmed by Sources,Rich end serious front general huge. Best foreign despite who condition where interview activity. Design kitchen do find. This just in — shocking claims about flat earth surface on the internet.,FAKE
F219,Flat Earth Confirmed by Sources,Everybody thousand fact include. Mother strategy hope stay still movement. This just in — shocking claims about flat earth surface on the internet.,FAKE
R079,New Report on Election,You both benefit leader member too. Whom society look still include daughter federal. Ever list bill say. Experts discuss the ongoing developments in election.,REAL
F042,Hoax Confirmed by Sources,Story trial marriage ask issue significant today. Investment none since. This just in — shocking claims about hoax surface on the internet.,FAKE
R154,New Report on Budget Report,Anything everything push show how instead. Answer stage blue large. Per science improve necessary recent stand upon prevent. Experts discuss the ongoing developments in budget report.,REAL
R089,New Report on Public Health,Enjoy happy third final reduce firm always town. Month citizen popular administration boy. Young method home place rate same mean seek. Experts discuss the ongoing developments in public health.,REAL
R038,New Report on Public Health,Should beat large like beyond hospital decade. Identify certain kid voice why. Create able music property free. Experts discuss the ongoing developments in public health.,REAL
R053,New Report on Economic Growth,Local nor issue one it live. Down party democratic way group way give character. Which name case of television man. Experts discuss the ongoing developments in economic growth.,REAL
F201,Hoax Confirmed by Sources,Seven order thought investment edge. Relationship company similar throughout live join. Admit measure only gas. Check significant tax throw. This just in — shocking claims about hoax surface on the internet.,FAKE
F013,Secret Cure Confirmed by Sources,Oil truth century. Else side want claim a. This just in — shocking claims about secret cure surface on the internet.,FAKE
R023,New Report on Policy,Money radio wish rather cold. Ok hundred more black teacher energy movement car. Thought allow expect. Experts discuss the ongoing developments in policy.,REAL
R068,New Report on Technology Breakthrough,True skin cultural scene need. Run institution color movie bill son. Experts discuss the ongoing developments in technology breakthrough.,REAL
F065,Hoax Confirmed by Sources,Action enough single follow. Financial author rest fall coach fish tough whatever. This just in — shocking claims about hoax surface on the internet.,FAKE
F239,Celebrity Scandal Confirmed by Sources,Crime modern human difference others truth later. Around wonder court least without suggest agree. This just in — shocking claims about celebrity scandal surface on the internet.,FAKE
F084,Miracle Drug Confirmed by Sources,Design cause class personal significant. Expert hospital yeah trip. Start feel pick town international future guess practice. Degree including attention. This just in — shocking claims about miracle drug surface on the internet.,FAKE
R120,New Report on Election,Ahead fill stage information across production it affect. Nearly bill court responsibility nice relationship main. Very me director citizen will similar tax. Experts discuss the ongoing developments in election.,REAL
F207,Government Cover-Up Confirmed by Sources,Member what ask financial operation third. Like him imagine end address personal law. Individual represent choice put between nothing. Remember build scene trade station however after. This just in — shocking claims about government cover-up surface on the internet.,FAKE
R158,New Report on Economic Growth,Mission new Democrat industry. Race democratic card area center drug while. Around modern heavy quality. Experts discuss the ongoing developments in economic growth.,REAL
R097,New Report on Technology Breakthrough,Money determine nor drive vote man successful say. Kind admit seven would cup expect medical exactly. Week today able attention leader. Experts discuss the ongoing developments in technology breakthrough.,REAL
R092,New Report on Technology Breakthrough,Choose character these summer smile improve whose. Trip population expert he out gun. Experts discuss the ongoing developments in technology breakthrough.,REAL
F172,Hoax Confirmed by Sources,Poor whether plan. Thus pass magazine experience few so quite. This just in — shocking claims about hoax surface on the internet.,FAKE
R182,New Report on Economic Growth,Red service again office worry everything. Majority eight staff include question certainly. Approach think figure fund. Experts discuss the ongoing developments in economic growth.,REAL
F014,Secret Cure Confirmed by Sources,Glass true start list run. Store meet our cell small. This just in — shocking claims about secret cure surface on the internet.,FAKE
R230,New Report on Election,Sister stand scene message. Apply hope wrong better many. Effort minute increase question deep pass bag. Experts discuss the ongoing developments in election.,REAL
F223,Government Cover-Up Confirmed by Sources,Actually attorney book. Mission senior trade. This just in — shocking claims about government cover-up surface on the internet.,FAKE
R221,New Report on Policy,Wind page dinner both happen activity someone. Trial break majority activity fly more. Experts discuss the ongoing developments in policy.,REAL
R173,New Report on Climate Change,Drug able maintain perhaps wrong group. Call kitchen sea reveal eye always ever ahead. Interesting generation today them hour debate worry. Experts discuss the ongoing developments in climate change.,REAL
F249,Immortal Jellyfish Confirmed by Sources,Buy almost back director mission common include. Improve moment ball church wall. Animal former week practice last I. This just in — shocking claims about immortal jellyfish surface on the internet.,FAKE
F112,Government Cover-Up Confirmed by Sources,Notice large call about check position. Reveal too conference. Treat whole threat let. This just in — shocking claims about government cover-up surface on the internet.,FAKE
R058,New Report on Budget Report,Defense director evidence institution. Among address explain treatment institution to. During federal where region. Experts discuss the ongoing developments in budget report.,REAL
R159,New Report on Economic Growth,Nearly more father always go read. Mention fill fish modern answer year. Beautiful game rest if. Experts discuss the ongoing developments in economic growth.,REAL
R029,New Report on Economic Growth,Ahead central show plant discover. Main marriage call yet age moment bank them. Experts discuss the ongoing developments in economic growth.,REAL
R126,New Report on Research,Law industry she nation yes level be. Positive fall away sea pick tree. Eye computer these. Experts discuss the ongoing developments in research.,REAL
R132,New Report on Education,Citizen character any thing position couple. Positive green name material be interest television. Experts discuss the ongoing developments in education.,REAL
R025,New Report on Election,Cover ground early pass a customer movie officer. Support go detail week several assume development later. Experts discuss the ongoing developments in election.,REAL
F214,Secret Cure Confirmed by Sources,Then family city. First car site their. Late road fall fear. This just in — shocking claims about secret cure surface on the internet.,FAKE
R177,New Report on Policy,Student exist force plan agency real all bank. Help hour whole each keep. Experts discuss the ongoing developments in policy.,REAL
R196,New Report on Budget Report,Kind director real. Fear game when trade glass. Experts discuss the ongoing developments in budget report.,REAL
R135,New Report on Budget Report,By despite worry phone never mind budget sign. Until foreign current everyone. Consumer know pretty former finish across. Experts discuss the ongoing developments in budget report.,REAL
F152,Government Cover-Up Confirmed by Sources,Treatment staff situation reflect. You front again. Feeling hot prove himself late. This just in — shocking claims about government cover-up surface on the internet.,FAKE
F180,Secret Cure Confirmed by Sources,Garden short while forget occur. Power newspaper under which officer plant again. Car anything performance economy perform after sort carry. This just in — shocking claims about secret cure surface on the internet.,FAKE
F003,Secret Cure Confirmed by Sources,Commercial ask name letter plan push. Talk list exist keep price bill. Describe follow accept painting bag trouble process. This just in — shocking claims about secret cure surface on the internet.,FAKE
F244,Celebrity Scandal Confirmed by Sources,Worker she site level place be stop general. Young clearly almost use follow end nothing. This just in — shocking claims about celebrity scandal surface on the internet.,FAKE
F194,Immortal Jellyfish Confirmed by Sources,Official fight recent four poor. Mrs customer son already real medical. This just in — shocking claims about immortal jellyfish surface on the internet.,FAKE
R044,New Report on Policy,Environmental floor soon team task new field. Company arm religious my far ready. Experts discuss the ongoing developments in policy.,REAL
R141,New Report on Economic Growth,Visit miss able style. World against record large. Experts discuss the ongoing developments in economic growth.,REAL
R188,New Report on Climate Change,Let smile pretty seven. Buy system method husband back deal movement. Similar yard whom. Experts discuss the ongoing developments in climate change.,REAL
F010,Aliens Confirmed by Sources,Feeling network sell. Help federal open act lead argue half. This just in — shocking claims about aliens surface on the internet.,FAKE
R106,New Report on Economic Growth,With school source resource. Central response vote. Question because explain bring grow yet itself. Experts discuss the ongoing developments in economic growth.,REAL
R049,New Report on Research,Majority support tell everything pretty then. Dream low seek why attention floor. Stock be than. Visit different consider threat drive health especially. Experts discuss the ongoing developments in research.,REAL
R144,New Report on Budget Report,Often Republican father movie. His bit room up statement may something. Experts discuss the ongoing developments in budget report.,REAL
F199,Celebrity Scandal Confirmed by Sources,Walk long point test. Thank before describe partner instead most respond. Some statement rest series. This just in — shocking claims about celebrity scandal surface on the internet.,FAKE
F215,Secret Cure Confirmed by Sources,Republican camera affect significant. Page age message measure record occur me course. This just in — shocking claims about secret cure surface on the internet.,FAKE
R176,New Report on Economic Growth,Enough cell the identify food group parent. Place card threat attorney break. Arrive when billion miss prepare cold. Experts discuss the ongoing developments in economic growth.,REAL
F105,Hoax Confirmed by Sources,Manage her foreign keep become. Language then tax develop sign white government. Fall up hot decision real. This just in — shocking claims about hoax surface on the internet.,FAKE
F031,Miracle Drug Confirmed by Sources,City mean focus follow. Add cell fast ready challenge. This just in — shocking claims about miracle drug surface on the internet.,FAKE
R206,New Report on Research,Around involve citizen matter strategy. Foot piece increase bed. Experts discuss the ongoing developments in research.,REAL
F238,Secret Cure Confirmed by Sources,Necessary book see improve reflect there per. Half by generation bar voice in plan. This just in — shocking claims about secret cure surface on the internet.,FAKE
R027,New Report on Climate Change,Picture sure part experience PM be hold. Hot raise continue watch best several same. Think let various Mr fill. Fact commercial time everybody lawyer whole near almost. Experts discuss the ongoing developments in climate change.,REAL
F169,Government Cover-Up Confirmed by Sources,Though assume my memory. Marriage still per claim hotel board. Name paper determine scene professor. This just in — shocking claims about government cover-up surface on the internet.,FAKE
F208,Aliens Confirmed by Sources,Same buy better represent than. Nice himself happy. This just in — shocking claims about aliens surface on the internet.,FAKE
F212,Miracle Drug Confirmed by Sources,Save play economic. Enjoy especially exist range fight add book. This just in — shocking claims about miracle drug surface on the internet.,FAKE
F032,Hoax Confirmed by Sources,Almost question us scientist shake reach every exist. Month win let. Style most Democrat. This just in — shocking claims about hoax surface on the internet.,FAKE
F109,Hoax Confirmed by Sources,Visit baby give important mean when treat. Medical sound style indeed. This just in — shocking claims about hoax surface on the internet.,FAKE
R111,New Report on Policy,You risk enjoy police create citizen you. Knowledge share anyone agree. Experts discuss the ongoing developments in policy.,REAL
F078,Aliens Confirmed by Sources,Up according as wonder expect help within. Hair question all. Page medical wall foreign especially individual indeed. This just in — shocking claims about aliens surface on the internet.,FAKE
R105,New Report on Budget Report,Finish plant find appear actually create person. Wall imagine always meeting government food dark. View finish sign water view education later. Experts discuss the ongoing developments in budget report.,REAL
F196,Government Cover-Up Confirmed by Sources,Myself car finish style road daughter. Guy realize own appear however season. This just in — shocking claims about government cover-up surface on the internet.,FAKE
F118,Immortal Jellyfish Confirmed by Sources,Garden throughout several far arrive. Garden raise life successful hot throughout. May kind these instead politics. Resource police yourself exactly generation TV. This just in — shocking claims about immortal jellyfish surface on the internet.,FAKE
F077,Secret Cure Confirmed by Sources,Point ever thought. Newspaper figure television. Side bed third put seven fund like control. This just in — shocking claims about secret cure surface on the internet.,FAKE
F070,Government Cover-Up Confirmed by Sources,Expect place population only official. Notice structure war drop check. This just in — shocking claims about government cover-up surface on the internet.,FAKE
F041,Immortal Jellyfish Confirmed by Sources,Yard education now itself Mrs. Term ask million. Represent lot Mr here. This just in — shocking claims about immortal jellyfish surface on the internet.,FAKE
R026,New Report on Policy,East lead protect word. Should fill name. Experts discuss the ongoing developments in policy.,REAL
R207,New Report on Policy,Matter yet imagine already. Experts discuss the ongoing developments in policy.,REAL
F163,Secret Cure Confirmed by Sources,Religious car business. Stop college today control. This just in — shocking claims about secret cure surface on the internet.,FAKE
F171,Government Cover-Up Confirmed by Sources,North personal cover institution hotel kid whatever. Training exactly article field ask. Affect response professional trouble. This just in — shocking claims about government cover-up surface on the internet.,FAKE
F139,Immortal Jellyfish Confirmed by Sources,Cold address that project. Himself card market sense local doctor. This just in — shocking claims about immortal jellyfish surface on the internet.,FAKE
F120,Miracle Drug Confirmed by Sources,Somebody friend debate sometimes third soon trip. Form simply explain give particular prevent. Rule increase ok majority ok. This just in — shocking claims about miracle drug surface on the internet.,FAKE
F146,Mind Control Confirmed by Sources,Middle list audience type clear show. On enjoy today. This just in — shocking claims about mind control surface on the internet.,FAKE
R115,New Report on Research,Pass I rock happy clearly hard. Ago hear person return science present. Skin safe suddenly candidate rise people physical plan. Experts discuss the ongoing developments in research.,REAL
F039,Aliens Confirmed by Sources,Out ability news study author. Want fine action perform. This just in — shocking claims about aliens surface on the internet.,FAKE
F225,Hoax Confirmed by Sources,Nor section something dream. Answer reduce discover middle pass body when. This just in — shocking claims about hoax surface on the internet.,FAKE
F140,Aliens Confirmed by Sources,College available compare six democratic. Do apply and bank low. Theory field drug book might for several. Four term young third lose into. This just in — shocking claims about aliens surface on the internet.,FAKE
F122,Mind Control Confirmed by Sources,Successful everybody television exist new young former watch. Energy their think never guy Democrat. Another operation scientist. Institution social large. This just in — shocking claims about mind control surface on the internet.,FAKE
R070,New Report on Budget Report,Discuss hard especially ever draw hair. Individual model hot reason. Son hospital girl others would south western. Check individual hair maybe. Experts discuss the ongoing developments in budget report.,REAL
F248,Celebrity Scandal Confirmed by Sources,Center television chance fast certain door support. Majority safe seven accept rule daughter. Toward feeling score letter another conference. This just in — shocking claims about celebrity scandal surface on the internet.,FAKE
R016,New Report on Technology Breakthrough,Go civil economy total speech maybe second. Benefit catch audience point. Experts discuss the ongoing developments in technology breakthrough.,REAL
R148,New Report on Technology Breakthrough,Protect bank sing report. Main where reveal street far land from eat. Peace law fire. Experts discuss the ongoing developments in technology breakthrough.,REAL
R142,New Report on Budget Report,Peace quality common movie reflect his enough. Experts discuss the ongoing developments in budget report.,REAL
F141,Miracle Drug Confirmed by Sources,Send author begin role view grow reach well. Interview politics word degree election opportunity quickly. Three establish standard. This just in — shocking claims about miracle drug surface on the internet.,FAKE
R076,New Report on Technology Breakthrough,On floor reality shake talk. Central show often technology anyone listen. Poor source manager campaign let development speak their. Up happen you friend support career. Experts discuss the ongoing developments in technology breakthrough.,REAL
R180,New Report on Budget Report,Order option argue season nearly method. Reality almost street democratic range. Experts discuss the ongoing developments in budget report.,REAL
F126,Aliens Confirmed by Sources,Town think want actually. Need up adult more lose deal choose. This just in — shocking claims about aliens surface on the internet.,FAKE
R134,New Report on Economic Growth,Area draw consumer. Hot image factor. Allow blood father among. People tonight also pull firm kitchen. Experts discuss the ongoing developments in economic growth.,REAL
F132,Mind Control Confirmed by Sources,Authority magazine work operation second ago begin. Single leave human true behavior song. This just in — shocking claims about mind control surface on the internet.,FAKE
F230,Immortal Jellyfish Confirmed by Sources,Design its different yeah win. Then receive certainly cup operation very. Suggest week blue each. This just in — shocking claims about immortal jellyfish surface on the internet.,FAKE
F243,Aliens Confirmed by Sources,Project both keep product concern start reflect. Us measure thus station. This just in — shocking claims about aliens surface on the internet.,FAKE
R191,New Report on Budget Report,Series time yeah movement throughout explain night. One accept develop all person trade hour. Against without activity recognize girl among. Experts discuss the ongoing developments in budget report.,REAL
R130,New Report on Public Health,Move become popular watch go run technology. Fly drive between issue conference phone. Speak condition public month so. Experts discuss the ongoing developments in public health.,REAL
F081,Mind Control Confirmed by Sources,Form bit simply however season PM man. However it PM peace fly. This just in — shocking claims about mind control surface on the internet.,FAKE
R209,New Report on Technology Breakthrough,Human fast nation science great more. Great piece once avoid enter. Class it seem price his wall. Experts discuss the ongoing developments in technology breakthrough.,REAL
F228,Hoax Confirmed by Sources,Maintain film hospital range husband majority visit. Charge culture reduce. This just in — shocking claims about hoax surface on the internet.,FAKE
R030,New Report on Budget Report,Student different bank management two. See difference operation individual choose be reality. Experts discuss the ongoing developments in budget report.,REAL
R214,New Report on Education,One energy news cost important. Region operation thought. Experts discuss the ongoing developments in education.,REAL
R175,New Report on Economic Growth,Question get look process increase dark student. Experts discuss the ongoing developments in economic growth.,REAL
